,request_rate,response_time_p95,response_time_avg,total_requests,cpu_usage_avg,memory_usage_pct,disk_usage_pct,network_bytes_total,hour,day_of_week,is_weekend,cpu_usage_avg_rolling_mean,cpu_usage_avg_rolling_std,cpu_usage_avg_rolling_max,memory_usage_pct_rolling_mean,memory_usage_pct_rolling_std,memory_usage_pct_rolling_max,disk_usage_pct_rolling_mean,disk_usage_pct_rolling_std,disk_usage_pct_rolling_max,cpu_usage_avg_rate,memory_usage_pct_rate
2025-08-06 16:55:16,20.977272727272727,0.06159482758620686,0.014948009294712275,150.0,61.31365588271106,46.22494428391013,45.33951008465823,1343188.3592806407,16,2,0,54.468772240813124,9.680127279237809,61.31365588271106,48.54678683996116,3.283581232462374,50.86862939601219,49.054327739818845,5.253545509671165,52.76914539497947,13.68976728379588,-4.643685112102055
2025-08-06 16:56:16,20.632352941176475,0.061336206896551684,0.014697296762316011,150.0,32.549068620571944,82.10504377866238,67.38742788320309,8338001.516979641,16,2,0,47.1622043673994,14.387850233357545,61.31365588271106,59.7328724861949,19.51349505111063,82.10504377866238,55.165361120946926,11.217578043716841,67.38742788320309,-28.764587262139116,35.880099494752244
2025-08-06 16:57:16,43.39086956521739,0.06319642857142857,0.015012620617149459,262.0,68.79985401455478,60.479336931881015,69.37004009718555,8844108.844282776,16,2,0,52.57161677918824,15.970403672260302,68.79985401455478,59.91948859761643,15.937072975674706,82.10504377866238,58.71653086500658,11.590194029829021,69.37004009718555,36.25078539398284,-21.625706846781362
2025-08-06 16:58:16,62.06896551724138,0.06251344086021506,0.014977520582365398,350.0,47.418660202115994,59.90199017267099,64.35720715622806,7896503.09749158,16,2,0,51.54102546377379,14.021445624052017,68.79985401455478,59.915988912627334,13.801912277396958,82.10504377866238,59.844666123250875,10.349535933619578,69.37004009718555,-21.381193812438788,-0.5773467592100232
2025-08-06 16:59:16,41.37931034482759,0.06271484374999996,0.014759652375795882,350.0,46.85685824696836,81.6480908459221,41.77507285279363,1881827.7072969442,16,2,0,50.76033092763955,12.686120512713773,68.79985401455478,63.5380059015098,15.202245505743146,82.10504377866238,56.83306724484134,11.836751330481347,69.37004009718555,-0.5618019551476365,21.746100673251107
2025-08-06 17:00:16,41.37931034482759,0.06271484374999996,0.014763997355401992,350.0,22.486348882253573,43.6871109257834,60.2284951674921,4554952.761513537,17,2,0,46.72119063544155,15.758086542671212,68.79985401455478,60.70216376212032,15.776065040354634,82.10504377866238,57.31812837664859,10.881370555258233,69.37004009718555,-24.370509364714785,-37.9609799201387
2025-08-06 17:01:16,41.37931034482759,0.06271484374999996,0.014762880692231825,350.0,32.14551270600598,37.70234903104495,64.446219932464,4063040.622633912,17,2,0,44.89923089426211,15.472546367369064,68.79985401455478,57.8271869207359,16.7168559582443,82.10504377866238,58.20913982112552,10.384630325902805,69.37004009718555,9.659163823752408,-5.9847618947384476
2025-08-06 17:02:16,0.8275862068965518,0.037187499999999964,0.00507608274134194,350.0,31.00539027142755,57.48901980076852,55.80399729113955,1082303.9918219396,17,2,0,43.35547082505827,15.19616682145539,68.79985401455478,57.789612796295074,15.637593175455402,82.10504377866238,57.94190176223818,9.746959743992662,69.37004009718555,-1.14012243457843,19.786670769723564
2025-08-06 17:03:16,0.0,0.00475,0.001792102024472993,350.0,57.867036036633934,86.56304760411892,74.31767630466183,3203531.9613322597,17,2,0,44.80662734621583,15.044064392181186,68.79985401455478,60.66695627707746,17.324978942249427,86.56304760411892,59.57947921648055,10.54817091403881,74.31767630466183,26.861645765206383,29.074027803350404
2025-08-06 17:04:16,0.0,0.00475,0.0018696045053416285,350.0,31.83086430027061,83.62707686452018,81.41151130658376,5142790.6307192035,17,2,0,43.22732491635138,15.536360094714174,68.79985401455478,63.942801023928254,18.334067857441664,86.56304760411892,62.44371580764098,12.245605345989597,81.41151130658376,-26.036171736363325,-2.935970739598744
2025-08-06 17:05:16,0.0,0.00475,0.0017662212766450028,350.0,26.98718871669447,30.66915843013188,80.98000744419407,1487271.0508092514,17,2,0,39.794678199749725,14.874296943543573,68.79985401455478,62.38722243855043,20.532513496778478,86.56304760411892,66.00776554359456,11.895888186097867,81.41151130658376,-4.84367558357614,-52.9579184343883
2025-08-06 17:06:16,0.0,0.00475,0.0018359874856883084,350.0,69.65435556651084,44.20503146440906,48.91955903071526,6549025.261697935,17,2,0,43.50520689434361,17.29683217117945,69.65435556651084,58.59722120712511,19.978920812073778,86.56304760411892,64.16097865834578,13.036728105563455,81.41151130658376,42.667166849816375,13.53587303427718
2025-08-06 17:07:16,0.0,0.00475,0.0018288267069849478,350.0,44.07068141744322,44.77368853492531,49.78173136085365,1031968.3294137972,17,2,0,41.032289634632455,14.877167514117541,69.65435556651084,57.02665636742953,20.42682454278947,86.56304760411892,62.2021477847126,13.625404235142426,81.41151130658376,-25.583674149067626,0.5686570705162524
2025-08-06 17:08:16,0.0,0.00475,0.0018123264970450565,350.0,51.71480820377154,71.34195447236162,60.1524908683606,1383911.9461357186,17,2,0,41.46190443479801,15.14175905081924,69.65435556651084,58.1706527973986,20.92013752116697,86.56304760411892,61.781676155925844,13.616385610372289,81.41151130658376,7.6441267863283215,26.56826593743631
2025-08-06 17:09:16,0.0,0.00475,0.0019070033369393185,350.0,72.69148848896825,31.127265273559647,74.85391626826022,6514236.732556817,17,2,0,44.045367458998,18.082816846585924,72.69148848896825,53.118570240162356,20.719793850679235,86.56304760411892,65.08956049747249,12.15571155862456,81.41151130658376,20.976680285196707,-40.21468919880198
2025-08-06 17:10:16,0.0,0.00475,0.002033611823772562,350.0,78.79288690181997,57.92073524108862,40.288066323616164,9989973.065610917,17,2,0,49.676021260954634,19.34611815506189,78.79288690181997,54.54193267169287,20.48749611270851,86.56304760411892,63.095517613084915,14.459037920714865,81.41151130658376,6.101398412851722,26.793469967528974
2025-08-06 17:11:16,0.0,0.00475,0.002061334149590854,350.0,49.244973799499306,77.26710611056018,60.05393606079047,9049901.501711225,17,2,0,51.385967370303966,18.354770811174372,78.79288690181997,58.49840837964439,20.69342999084582,86.56304760411892,62.656289225917554,14.480145810180456,81.41151130658376,-29.547913102320663,19.346370869471556
2025-08-06 17:12:16,0.0,0.00475,0.0020303150703167095,350.0,58.359425018053344,85.18888812245675,78.4656220937795,7264705.058793945,17,2,0,54.12137084496654,16.96570190697297,78.79288690181997,61.26839521181322,22.3323307639862,86.56304760411892,64.92245170618155,15.050647019147096,81.41151130658376,9.114451218554038,7.921782011896568
2025-08-06 17:13:16,0.0,0.004919642857142857,0.00212678416021939,350.0,66.79122842336301,32.99488658050827,67.32658406797259,5162708.68465656,17,2,0,55.013790083639456,17.413425641408104,78.79288690181997,55.91157910945215,22.013162828182065,85.18888812245675,64.22334248251263,14.724582059134178,81.41151130658376,8.431803405309665,-52.194001541948474
2025-08-06 17:14:16,0.0,0.004919642857142857,0.002062575570468245,350.0,55.92115810897933,59.84443583371409,40.51991701451469,3540404.6016043336,17,2,0,57.422819464510326,15.399810880501363,78.79288690181997,53.53331500637154,19.866138650877172,85.18888812245675,60.13418305330573,15.09424774307172,80.98000744419407,-10.870070314383682,26.849549253205815
2025-08-06 17:15:16,0.0,0.004919642857142857,0.0020335953811119346,350.0,55.4662293556067,30.833260137649518,50.88902813187841,6748051.537358633,17,2,0,60.27072352840155,11.209037160862948,78.79288690181997,53.54972517712331,19.845210242793346,85.18888812245675,57.125085122074154,13.378692120727926,78.4656220937795,-0.45492875337262717,-29.01117569606457
2025-08-06 17:16:16,0.0,0.004919642857142857,0.0021358769515465044,350.0,39.5293646280427,57.10051156069609,75.58185149138502,5361516.407709425,17,2,0,57.258224434554734,12.392571868148556,78.79288690181997,54.83927318675201,19.587827197556425,85.18888812245675,59.79131436814113,14.193654326261324,78.4656220937795,-15.936864727564,26.267251423046574
2025-08-06 17:17:16,0.0,0.004919642857142857,0.0022131574564966663,350.0,48.11535037192689,67.74037765594292,70.97635080785987,5380134.319808356,17,2,0,57.6626913300031,11.973245444029752,78.79288690181997,57.135942098853775,19.62289589602389,85.18888812245675,61.91077631284175,14.115123910300715,78.4656220937795,8.585985743884187,10.63986609524683
2025-08-06 17:18:16,0.0,0.00475,0.0021052689387880525,350.0,70.53801358277057,34.910331779840575,71.72821086960776,1143433.0336361877,17,2,0,59.54501186790301,12.406059279069666,78.79288690181997,53.49277982960166,20.069221995137696,85.18888812245675,63.068348312966464,14.426138434744328,78.4656220937795,22.422663210843687,-32.830045876102346
2025-08-06 17:19:16,0.0,0.00475,0.0021512015112515152,350.0,68.41217593016552,35.41398227393263,50.14774763064705,8630360.289529372,17,2,0,59.11708061202273,11.968283367501824,78.79288690181997,53.921451529638965,19.578196855031468,85.18888812245675,60.59773144920516,14.298500559824667,78.4656220937795,-2.125837652605057,0.5036504940920565
2025-08-06 17:20:16,0.0,0.00475,0.00220446751035493,350.0,69.75657281161722,85.5095672112504,64.13230692335634,1641927.3320677285,17,2,0,58.21344920300246,10.578039120751352,70.53801358277057,56.68033472665515,21.998617496994605,85.5095672112504,62.982155509179165,12.397042701228886,78.4656220937795,1.3443968814517007,50.09558493731777
2025-08-06 17:21:16,0.0,0.00475,0.0021876959965146823,350.0,64.20083801961258,73.20857552704855,79.26997718579662,3703857.2473043385,17,2,0,59.70903562501378,10.220359262451998,70.53801358277057,56.274481668303984,21.610627444499467,85.5095672112504,64.90375962167978,13.345715299943882,79.26997718579662,-5.5557347920046425,-12.300991684201847
2025-08-06 17:22:16,0.0,0.00475,0.002126340208382442,350.0,53.762264528762266,68.4866892955422,56.32640251355638,7241079.567728812,17,2,0,59.24931957608468,10.38979702671305,70.53801358277057,54.60426178561253,19.6874797689463,85.5095672112504,62.689837663657464,12.664936235705612,79.26997718579662,-10.43857349085031,-4.721886231506346
2025-08-06 17:23:16,0.0,0.00475,0.0021549093312230603,350.0,34.01541062657847,39.5196023542473,40.853560754131784,9699191.421025377,17,2,0,55.97173779640622,12.666558284155476,70.53801358277057,55.256733362986424,18.98741220062071,85.5095672112504,60.042535332273395,14.255006778923685,79.26997718579662,-19.746853902183794,-28.96708694129491
2025-08-06 17:24:16,0.0,0.00475,0.002029353174669989,350.0,33.486203326220476,88.63113638236173,53.748437065699086,3991883.2113415096,17,2,0,53.72824231813034,14.52675413537938,70.53801358277057,58.135403417851194,21.742515311860863,88.63113638236173,61.36538733739182,12.779456766138331,79.26997718579662,-0.5292073003579958,49.111534028114434
2025-08-06 17:25:16,0.0,0.00475,0.0019628754977522225,350.0,39.97836255280508,42.26586830860487,57.26454136677471,1071781.6689227617,17,2,0,52.179455637850175,15.133812269206217,70.53801358277057,59.27866423494673,20.406963443095204,88.63113638236173,62.00293866088147,12.350567938849954,79.26997718579662,6.492159226584604,-46.36526807375686
2025-08-06 17:26:16,0.0,0.00475,0.0019283787957553207,350.0,29.498168163035643,47.05661298863848,51.94339834793148,3050302.6941677225,17,2,0,51.17633599134947,16.349121528907904,70.53801358277057,58.27427437774097,20.77002008893502,88.63113638236173,59.63909334653611,11.708299936641636,79.26997718579662,-10.480194389769437,4.790744680033605
2025-08-06 17:27:16,0.0,0.00475,0.00197173809183055,350.0,26.97283209881771,30.341835513177994,60.35343408026459,1687248.306132271,17,2,0,49.06208416403855,18.06587738965863,70.53801358277057,54.53442016346448,22.19432496197927,88.63113638236173,58.576801673776586,11.027495064693941,79.26997718579662,-2.5253360642179317,-16.714777475460483
2025-08-06 17:28:16,0.0,0.00475,0.0019180281408901873,350.0,56.784567876913705,82.0801483762833,53.889656744709754,8412816.70402024,17,2,0,47.68673959345286,16.722867962903962,69.75657281161722,59.25140182310874,22.569536210401008,88.63113638236173,56.79294626128679,10.064454442574043,79.26997718579662,29.811735778095994,51.73831286310531
2025-08-06 17:29:16,0.0,0.00475,0.001731132638865504,350.0,65.01934742214867,76.67671599925589,53.59667466925451,6385208.8558830265,17,2,0,47.34745674265118,16.284325355009457,69.75657281161722,63.377675195641075,21.472497569109496,88.63113638236173,57.13783896514752,9.868621239494672,79.26997718579662,8.234779545234964,-5.403432377027414
2025-08-06 17:30:16,1.2413793103448278,0.020050000000000005,0.0037074718835218897,356.0,42.94220374390859,39.64881873285794,44.56334761769623,5930654.369980898,17,2,0,44.66601983588032,14.26709501907894,65.01934742214867,58.79160034780183,21.114846084211973,88.63113638236173,55.18094303458152,10.259997835799576,79.26997718579662,-22.077143678240077,-37.02789726639795
2025-08-06 17:31:16,10.344827586206897,0.029553571428571433,0.005581058268984331,400.0,66.31168942805459,71.92640915276883,49.24427070106738,1243827.7158527144,17,2,0,44.877104976724524,14.599963180342057,66.31168942805459,58.66338371037385,21.02125950450729,88.63113638236173,52.17837238610859,5.889880279691614,60.35343408026459,23.369485684146,32.27759041991089
2025-08-06 17:32:16,10.344827586206897,0.029553571428571433,0.0055806178713469524,400.0,45.06903691506453,51.19069413319248,58.721031217094726,5640257.888008713,17,2,0,44.007782215354744,14.26714906028502,66.31168942805459,56.93378419413889,20.833916718323238,88.63113638236173,52.417835256462425,6.12139248282962,60.35343408026459,-21.242652512990063,-20.735715019576347
2025-08-06 17:33:16,10.344827586206897,0.029553571428571433,0.0055893165055320776,400.0,49.05315580236049,88.00850321193029,75.1293607454233,4978480.72993833,17,2,0,45.511556732932945,13.884278909146055,66.31168942805459,61.78267427990718,21.94370538617576,88.63113638236173,55.84541525559158,8.177482036569483,75.1293607454233,3.9841188872959634,36.81780907873781
2025-08-06 17:34:16,10.344827586206897,0.029553571428571433,0.005633489533803348,400.0,34.92369859878657,71.63080595523147,41.91696559221565,7760660.154657412,17,2,0,45.65530626018956,13.752760464273809,66.31168942805459,60.08264123719415,20.223694880131568,88.00850321193029,54.66226810824323,9.294245130421515,75.1293607454233,-14.12945720357392,-16.377697256698823
2025-08-06 17:35:16,5.379310344827587,0.02624999999999999,0.005282136730681685,400.0,44.00414240975477,57.32166656805718,80.82363355037424,6814772.253155569,17,2,0,46.05788424588452,13.626460147439218,66.31168942805459,61.588221063139386,19.28873703847147,88.00850321193029,57.01817732660319,12.470360709976811,80.82363355037424,9.080443810968198,-14.309139387174284
2025-08-06 17:36:16,0.0,0.00475,0.0021463427050360316,400.0,72.07253736023084,44.64065952516577,84.46724155706059,7966943.042649771,17,2,0,50.31532116560405,14.500590156607187,72.07253736023084,61.34662571679212,19.504890881213605,88.00850321193029,60.27056164751609,14.987056541001587,84.46724155706059,28.06839495047607,-12.681007042891409
2025-08-06 17:37:16,0.0,0.00475,0.002013469564503637,400.0,39.017850501408475,75.37880123144302,45.07511746038432,3430442.798360793,17,2,0,51.519823005863124,12.739513486055388,72.07253736023084,65.85032228861863,16.521834107848754,88.00850321193029,58.74272998552807,15.73763618491602,84.46724155706059,-33.054686858822365,30.738141706277247
2025-08-06 17:38:16,0.0,0.00475,0.0021393381316086343,400.0,47.66953092770045,46.83689811584095,45.67388976136456,2135526.408005312,17,2,0,50.6083193109418,12.646719624840095,72.07253736023084,62.325997262574376,16.433818098433413,88.00850321193029,57.921153287193555,16.22601175208946,84.46724155706059,8.651680426291975,-28.541903115602068
2025-08-06 17:39:16,0.0,0.00475,0.002208282207620555,400.0,56.50469975969219,58.48565228536044,65.44948533210615,1049867.9339721592,17,2,0,49.756854544696154,11.828850343858791,72.07253736023084,60.506890891184845,15.65725617019487,88.00850321193029,59.10643435347872,16.3077243879192,84.46724155706059,8.835168831991737,11.648754169519485
2025-08-06 17:40:16,0.0,0.00475,0.002213075243193528,400.0,21.021054831775146,40.43914338761336,66.88287548140548,3057409.7695874115,17,2,0,47.5647396534828,14.871853903555602,72.07253736023084,60.58592335666037,15.541842774376976,88.00850321193029,61.33838713984964,15.60851763484975,84.46724155706059,-35.48364492791704,-18.046508897747074
2025-08-06 17:41:16,0.0,0.00475,0.002379696944664265,400.0,22.311129433088766,56.7928660366631,72.46763490156539,6779798.1776462095,17,2,0,43.164683653986216,15.214175123090284,72.07253736023084,59.0725690450498,15.043707227894432,88.00850321193029,63.66072355989944,15.334392875148607,84.46724155706059,1.29007460131362,16.353722649049736
2025-08-06 17:42:16,0.0,0.00475,0.002482940410745555,400.0,21.03228130838525,58.90583352867114,77.39088468691325,7119468.78466506,17,2,0,40.761008093318296,16.705555404381016,72.07253736023084,59.84408298459766,14.790273288153934,88.00850321193029,65.5277089068813,15.795754932253946,84.46724155706059,-1.278848124703515,2.112967492008039
2025-08-06 17:43:16,0.0,0.00475,0.002414867795746902,400.0,58.11499893063538,73.10446785972849,58.743078371653354,1154816.87150353,17,2,0,41.66719240614579,17.4351809619534,72.07253736023084,58.35367944937749,12.15254828677401,75.37880123144302,63.8890806695043,15.536842712962777,84.46724155706059,37.08271762225013,14.198634331057349
2025-08-06 17:44:16,0.0,0.00475,0.0023725526086215316,400.0,49.52129408897241,60.68111536771737,76.49228287673542,3949998.79845507,17,2,0,43.126951955164365,17.418932999881793,72.07253736023084,57.258710390626085,11.28570957778348,75.37880123144302,67.34661239795626,13.86066753948148,84.46724155706059,-8.59370484166297,-12.42335249201112
2025-08-06 17:45:16,0.0,0.00475,0.0021822452545166016,400.0,27.458034230577677,88.33215074522107,73.71483513834164,7710641.502570353,17,2,0,41.47234113724666,18.09892934730265,72.07253736023084,60.35975880834248,14.965496929666612,88.33215074522107,66.63573255675301,13.26203269991473,84.46724155706059,-22.063259858394733,27.651035377503703
2025-08-06 17:46:16,0.0,0.00475,0.0021461536144388137,400.0,79.82848533858763,75.58938404301074,70.82192195063945,7740322.027089234,17,2,0,42.24793593508234,19.65521561506571,79.82848533858763,63.45463126012696,14.547867093581795,88.33215074522107,65.2712005961109,11.850342684682944,77.39088468691325,52.370451108009945,-12.742766702210332
2025-08-06 17:47:16,0.0,0.00475,0.0021304755375303073,400.0,27.358342022977062,66.66450643496549,70.24602182482172,1159018.866478446,17,2,0,41.0819850872392,20.20621370061754,79.82848533858763,62.583201780479214,14.005108228809062,88.33215074522107,67.78829103255464,9.52998324167732,77.39088468691325,-52.470143315610564,-8.92487760804525
2025-08-06 17:48:16,0.0,0.00475,0.0019060825479441678,400.0,60.91250466118707,51.018782828457844,78.9073398355234,2718956.8998787245,17,2,0,42.40628246058786,21.10012048432474,79.82848533858763,63.00139025174091,13.53730811551628,88.33215074522107,71.11163603997053,6.1601362502634,78.9073398355234,33.55416263821001,-15.645723606507644
2025-08-06 17:49:16,0.0,0.00475,0.0017925788616311963,400.0,31.260713433123637,83.67520865402096,78.91769185436347,4017469.722359879,17,2,0,39.881883827931,20.73287302307316,79.82848533858763,65.52034588860695,14.8806059541877,88.33215074522107,72.45845669219625,6.256204082016105,78.91769185436347,-29.651791228063434,32.65642582556312
2025-08-06 17:50:16,0.0,0.00475,0.0019588963738803207,400.0,46.15102322066768,74.34837565776482,51.982088798252036,4214745.505575532,17,2,0,42.39488066682026,19.689500646279388,79.82848533858763,68.9112691156221,12.141644083568291,88.33215074522107,70.96837802388092,8.933407944681312,78.91769185436347,14.890309787544044,-9.326832996256144
2025-08-06 17:51:16,0.0,0.00475,0.0019491869827796674,400.0,57.11229213270809,34.510899317916795,51.07023913830466,1525068.6117141075,17,2,0,45.87499693678219,18.800771158568722,79.82848533858763,66.68307244374748,16.033495613931553,88.33215074522107,68.82863844755484,10.884011224086116,78.91769185436347,10.96126891204041,-39.837476339848024
2025-08-06 17:52:16,0.0,0.00475,0.0017643303706728181,400.0,52.10467705673183,52.088087670902325,45.57276984306023,9168536.017041802,17,2,0,48.98223651161685,16.687719976947573,79.82848533858763,66.00129785797058,16.53795904355577,88.33215074522107,65.64682696316953,12.6158604920717,78.91769185436347,-5.007615075976261,17.57718835298553
2025-08-06 17:53:16,0.0,0.00475,0.0018033159190210804,400.0,23.77911299448027,36.889719863794284,45.57280123162205,1347261.3607113494,17,2,0,45.548647918001336,18.074582403588124,79.82848533858763,62.37982305837718,18.641098429525098,88.33215074522107,64.32979924916641,14.025368159399143,78.91769185436347,-28.325564062251562,-15.198367807108042
2025-08-06 17:54:16,0.0,0.00475,0.0018911361694335938,400.0,37.17028048643708,81.40419514349398,61.743782672807576,5612004.17209396,17,2,0,44.313546557747806,18.194550866474163,79.82848533858763,64.45213103595482,19.560480219646198,88.33215074522107,62.85494922877363,13.364165252129284,78.91769185436347,13.39116749195681,44.514475279699695
2025-08-06 17:55:16,0.0,0.00475,0.0017761773076550717,400.0,30.93996377176582,61.01283146154394,59.681421786833724,1614462.7845308476,17,2,0,44.661739511866614,17.866502388808165,79.82848533858763,61.72019910758712,17.6712270763137,83.67520865402096,61.451607893622835,12.822933887732647,78.91769185436347,-6.2303167146712575,-20.39136368195004
2025-08-06 17:56:16,0.0,0.00475,0.0016432137324892241,400.0,32.00249825290824,55.69274513662202,58.01367067581553,4495047.997308416,17,2,0,39.87914080329868,13.198194496146264,60.91250466118707,59.73053521694825,17.045164462769627,83.67520865402096,60.17078276614044,12.416208931683789,78.91769185436347,1.0625344811424178,-5.320086324921917
2025-08-06 17:57:16,0.0,0.00475,0.0016589329160492997,400.0,69.08602196133756,54.67984676006248,61.32482908848979,3188073.4336709008,17,2,0,44.05190879713473,15.238411331608418,69.08602196133756,58.53206924945793,16.92435777330572,83.67520865402096,59.27866349250725,11.922540794448933,78.91769185436347,37.083523708429325,-1.0128983765595407
2025-08-06 17:58:16,0.0,0.00475,0.001542107812289534,400.0,34.7527830108655,31.685053064508836,54.777569723662324,9905364.202977363,17,2,0,41.435936632102575,14.234713293828014,69.08602196133756,56.59869627306305,18.870430922719276,83.67520865402096,56.865686481321134,9.752909198624993,78.91769185436347,-34.333238950472065,-22.994793695553646
2025-08-06 17:59:16,0.0,0.00475,0.0014593930080019195,400.0,29.03331920528464,33.98106846847399,48.02539358343926,4425323.826435721,17,2,0,41.21319720931867,14.427740203432581,69.08602196133756,51.62928225450835,17.436574831832182,81.40419514349398,53.77645665422872,6.258323957660909,61.743782672807576,-5.719463805580858,2.296015403965157
2025-08-06 18:00:16,0.0,0.00475,0.0013500410934974409,400.0,76.40618410091048,44.58186155536349,76.49632194343229,6417547.733532707,18,2,0,44.238713297342954,18.245437515061624,76.40618410091048,48.65263084426822,15.567814640250388,81.40419514349398,56.22787996874674,9.459723562549357,76.49632194343229,47.37286489562584,10.600793086889496
2025-08-06 18:01:16,0.0,0.00475,0.0011350779697812839,400.0,22.238344539186382,60.06248244121491,44.01435698853731,8284431.565812449,18,2,0,40.75131853799078,18.834754761796383,76.40618410091048,51.207789156598025,15.07801739453468,81.40419514349398,55.52229175377001,10.126794306194627,76.49632194343229,-54.167839561724094,15.480620885851422
2025-08-06 18:02:16,0.0,0.00475,0.0010165181653252963,400.0,51.06343104075238,77.6860005978041,43.48427295514314,5162399.539672294,18,2,0,40.64719393639284,18.767774916125266,76.40618410091048,53.7675804492882,17.259184086478644,81.40419514349398,55.313442064978304,10.373322593712837,76.49632194343229,28.825086501565995,17.623518156589185
2025-08-06 18:03:16,0.0,0.00475,0.0009345021741143589,400.0,75.27747720021863,72.379164461116,61.486034577788864,6872699.53902662,18,2,0,45.79703035696667,20.600918508121257,76.40618410091048,57.31652490902038,17.05055793053229,81.40419514349398,56.90476539959498,9.923877544314252,76.49632194343229,24.21404615946625,-5.306836136688091
2025-08-06 18:04:16,0.0,0.00475,0.0008124318616143589,400.0,48.56354754016432,43.10729287706795,61.92908100319438,4527083.778170897,18,2,0,46.9363570623394,20.38472396723904,76.40618410091048,53.486834682377776,15.244360986478595,77.6860005978041,56.92329523263366,9.934084620346816,76.49632194343229,-26.713929660054305,-29.271871584048057
2025-08-06 18:05:16,0.0,0.00475,0.0007888695289348734,400.0,35.208987106875085,72.614365665035,72.3063610402233,7253576.401180086,18,2,0,47.36325939585032,20.054528146826804,76.40618410091048,54.64698810272688,16.286590023559775,77.6860005978041,58.185789157972614,11.061780435527512,76.49632194343229,-13.354560433289237,29.507072787967047
2025-08-06 18:06:16,0.0,0.00475,0.0008539002517174031,400.0,31.838395308808032,88.31969602707198,69.3795640431316,8114427.905014209,18,2,0,47.3468491014403,20.0685564497184,76.40618410091048,57.909683191771876,19.475292010656823,88.31969602707198,59.32237849470422,11.612347335862276,76.49632194343229,-3.3705917980670534,15.705330362036989
2025-08-06 18:07:16,0.0,0.00475,0.0010492226173137798,400.0,29.05029862710215,52.6657942595977,61.14233813070527,2631642.639586117,18,2,0,43.343276768016764,19.22558720420313,76.40618410091048,57.7082779417254,19.522761294656096,88.31969602707198,59.304129398925774,11.608993688992086,76.49632194343229,-2.7880966817058805,-35.65390176747428
2025-08-06 18:08:16,0.0,0.00475,0.00115902670498552,400.0,69.43939562996681,66.61602185607325,67.2306716088008,5443892.401596242,18,2,0,46.81193802992689,20.584523736925334,76.40618410091048,61.20137482088184,17.35372610541159,88.31969602707198,60.54943958743962,11.7366991597324,76.49632194343229,40.38909700286466,13.950227596475543
2025-08-06 18:09:16,0.0,0.00475,0.0012740513374065532,400.0,44.25172627779938,45.267573841047955,62.60184251555594,6906613.595408922,18,2,0,48.33377873717836,19.666155255513676,76.40618410091048,62.33002535813923,15.672228456265135,88.31969602707198,62.007084480651294,10.88252578737804,76.49632194343229,-25.187669352167433,-21.34844801502529
2025-08-06 18:10:16,0.0,0.00475,0.0014394069540089574,400.0,42.99594257725245,62.500371379759486,69.5397749675668,3973413.2662509917,18,2,0,44.992754584812566,17.028169768237685,75.27747720021863,64.12187634057884,14.389398501182603,88.31969602707198,61.31142978306474,10.043396817769267,72.3063610402233,-1.2557837005469281,17.23279753871153
2025-08-06 18:11:16,0.0,0.00475,0.0014578473979029163,400.0,71.04640624677268,80.63213991642114,42.948548365593815,4699263.366700819,18,2,0,49.87356075557119,16.77443157022159,75.27747720021863,66.17884208809946,15.192440176619229,88.31969602707198,61.20484892077038,10.250861582452712,72.3063610402233,28.050463669520227,18.131768536661653
2025-08-06 18:12:16,0.0,0.00475,0.0014839994496312636,400.0,57.29104006467566,82.67971910457348,74.09241105208866,1901788.6428991267,18,2,0,50.49632165796352,16.938315825785082,75.27747720021863,66.6782139387764,15.686734202908289,88.31969602707198,64.26566273046494,8.844999227449874,74.09241105208866,-13.755366182097013,2.0475791881523406
2025-08-06 18:13:16,0.0,0.00475,0.0015439987182617188,400.0,56.60331564823726,56.27602377798471,84.25253643108408,7224928.750118005,18,2,0,48.628905502765384,14.796681916892425,71.04640624677268,65.06789987046326,15.862031111610412,88.31969602707198,66.54231291579445,10.770450980942886,84.25253643108408,-0.6877244164383995,-26.403695326588768
2025-08-06 18:14:16,0.0,0.00475,0.0014932648888949691,400.0,61.29076770132498,79.69689291348851,59.47907028718254,2039904.6635523643,18,2,0,49.90162751888145,15.328247095245768,71.04640624677268,68.72685987410532,14.384774256612308,88.31969602707198,66.29731184419327,10.91396028282836,84.25253643108408,4.687452053087718,23.4208691355038
2025-08-06 18:15:16,0.0,0.00475,0.0015779117058063376,400.0,29.434309830359496,69.24545707296991,77.56761407781508,9077706.961119954,18,2,0,49.32415979122989,16.035721071123138,71.04640624677268,68.38996901489881,14.322929794149639,88.31969602707198,66.82343714795246,11.353774327610223,84.25253643108408,-31.856457870965485,-10.451435840518599
2025-08-06 18:16:16,0.0,0.00475,0.0017982926861993198,400.0,41.504287792519676,77.77964350357496,71.43037297721511,9776756.200482026,18,2,0,50.29074903960105,15.130376521820754,71.04640624677268,67.33596376254911,13.02211605307165,82.67971910457348,67.02851804136081,11.42338349684046,84.25253643108408,12.06997796216018,8.534186430605047
2025-08-06 18:17:16,0.0,0.00475,0.001974615557440396,400.0,62.85198837338753,40.26073833916863,71.85235840304486,4643515.308147587,18,2,0,53.6709180142296,13.551249307446025,71.04640624677268,66.09545817050619,15.013493840688941,82.67971910457348,68.09952006859477,11.311719994540557,84.25253643108408,21.34770058086785,-37.51890516440633
2025-08-06 18:18:16,0.0,0.00475,0.002084723834333749,400.0,31.934907692039843,51.94165218592194,41.94277082584684,2237798.7553914646,18,2,0,49.92046922043689,13.887955681063804,71.04640624677268,64.62802120349107,15.660177736030327,82.67971910457348,65.57072999029938,14.028019278156814,84.25253643108408,-30.917080681347684,11.680913846753306
2025-08-06 18:19:16,0.0,0.00475,0.0022664563409213363,400.0,25.823061046523627,36.8221261016133,64.22012880818461,9753270.886960842,18,2,0,48.077602697309324,15.81302796544169,71.04640624677268,63.78347642954761,16.991431899987735,82.67971910457348,65.73255861956224,13.999269304256972,84.25253643108408,-6.111846645516216,-15.119526084308639
2025-08-06 18:20:16,0.0,0.00475,0.0021457178839321797,400.0,47.71728974724048,63.95792844164849,70.53669066792273,9745583.398938023,18,2,0,48.54973741430812,15.714622082841698,71.04640624677268,63.92923213573651,16.98545276204237,82.67971910457348,65.83225018959783,14.03290289840358,84.25253643108408,21.89422870071685,27.13580234003519
2025-08-06 18:21:16,0.0,0.00475,0.002135687860949286,400.0,38.538217035857656,38.31712571594824,74.85794761407098,1063471.2496400396,18,2,0,45.29891849321662,13.788063759047803,62.85198837338753,59.69773071568922,17.620970064209907,82.67971910457348,69.02319011444555,11.682273858726484,84.25253643108408,-9.179072711382823,-25.640802725700254
2025-08-06 18:22:16,0.0,0.00475,0.0021099386544063173,400.0,76.434425505724,40.62958051914344,66.2997671004782,5904218.7090049675,18,2,0,47.213257037321455,16.666527387881025,76.434425505724,55.492716857146206,16.509554204022002,79.69689291348851,68.2439257192845,11.565884721961242,84.25253643108408,37.89620846986634,2.3124548031952017
2025-08-06 18:23:16,0.0,0.00475,0.002105622455991548,400.0,71.16139998223639,37.053556448854394,52.50361878325671,8094449.546898143,18,2,0,48.669065470721364,18.147864228133646,76.434425505724,53.57047012423318,17.4977051255567,79.69689291348851,65.06903395450176,11.02829428209718,77.56761407781508,-5.273025523487604,-3.5760240702890442
2025-08-06 18:24:16,0.0,0.00475,0.001981817442795326,400.0,30.336972801523864,41.35529056864053,72.5942719059647,3498682.7991736094,18,2,0,45.57368598074125,18.393988441121742,76.434425505724,49.736309889748384,15.184568038797378,77.77964350357496,66.38055411637998,11.069428039158094,77.56761407781508,-40.824427180712526,4.301734119786133
2025-08-06 18:25:16,0.0,0.00475,0.001881936500812399,400.0,54.062056888304845,34.777977137218706,76.69248980448606,4423087.850962596,18,2,0,48.03646068653579,17.625643195749788,76.434425505724,46.28956189617327,14.140108974632962,77.77964350357496,66.29304168904709,10.974208434286117,76.69248980448606,23.72508408678098,-6.577313431421821
2025-08-06 18:26:16,0.0,0.00475,0.001971729870500236,400.0,48.3552805468712,32.82708669774509,65.6617991049018,6053945.156425987,18,2,0,48.72155996197095,17.476042126894544,76.434425505724,41.794306215590275,9.35131540847952,63.95792844164849,65.71618430181574,10.824755100211652,76.69248980448606,-5.706776341433645,-1.9508904394736177
2025-08-06 18:27:16,0.0,0.00475,0.002004976930289433,400.0,71.05757987880176,44.33984893131629,50.63629581546061,2949719.5998365288,18,2,0,49.54211911251237,18.38237090629212,76.434425505724,42.202217274805044,9.365942687225258,63.95792844164849,63.594578043057325,11.543714883502172,76.69248980448606,22.70229933193056,11.512762233571202
2025-08-06 18:28:16,0.0,0.00475,0.0019840043166588096,400.0,62.364166113292555,77.7884517025478,50.88967572202834,6157589.8435265,18,2,0,52.58504495463764,17.64779199190751,76.434425505724,44.78689722646762,14.50749126645576,77.7884517025478,64.48926853267548,9.91029350556399,76.69248980448606,-8.693413765509206,33.44860277123151
2025-08-06 18:29:16,0.0,0.00475,0.002016264816810345,400.0,47.03240474790293,85.81611139743377,50.39522263074372,1998243.1222947128,18,2,0,54.70597932477557,15.17543872420784,76.434425505724,49.686295756049674,19.07331906825635,85.81611139743377,63.106777914931385,10.869846911478305,76.69248980448606,-15.331761365389625,8.027659694885969
2025-08-06 18:30:16,0.0,0.004919642857142857,0.00227174265631314,400.0,55.413228641156294,39.49653880660677,46.29464074042463,2313358.6077806763,18,2,0,55.47557321416715,14.975465625438334,76.434425505724,47.240156792545505,18.60238691794367,85.81611139743377,60.68257292218158,11.700231722773735,76.69248980448606,8.380823893253364,-46.319572590827
2025-08-06 18:31:16,0.0,0.004919642857142857,0.002025242509513066,400.0,50.48835929019879,80.09608669493522,74.1472050863151,1622505.356276107,18,2,0,56.67058743960126,13.912819087728538,76.434425505724,51.41805289044421,20.922562726801235,85.81611139743377,60.61149866940599,11.606336188408715,76.69248980448606,-4.924869350957508,40.59954788832845
2025-08-06 18:32:16,0.0,0.004919642857142857,0.0020228418810614227,400.0,45.10430404126261,74.03265254071631,57.45395356768966,5096330.729737406,18,2,0,53.53757529315512,12.414645384293081,71.16139998223639,54.75836009260149,21.662140908610123,85.81611139743377,59.72691731612714,11.460813472607164,76.69248980448606,-5.384055248936178,-6.0634341542189105
2025-08-06 18:33:16,0.0,0.0049259259259259265,0.0020531160490853445,400.0,76.27606157987081,42.22420321326686,54.046036272242084,1065799.6906442095,18,2,0,54.04904145291857,13.295506198936375,76.27606157987081,55.27542476904274,21.250376719578984,85.81611139743377,59.88115906502568,11.362759209383258,76.69248980448606,31.171757538608205,-31.808449327449452
2025-08-06 18:34:16,0.0,0.0049259259259259265,0.0020502890859331402,400.0,58.73604704068036,37.89526152631501,50.26922851296179,7652871.950522776,18,2,0,56.88894887683422,10.381551188209581,76.27606157987081,54.92942186481018,21.52855817695159,85.81611139743377,57.64865472572537,10.764839299183041,76.69248980448606,-17.54001453919045,-4.32894168695185
2025-08-06 18:35:16,0.0,0.004750000000000001,0.0018469435828072684,400.0,71.49502887670909,44.02424901332631,63.638290527592964,1235389.531493303,18,2,0,58.632246075674644,11.279011230668058,76.27606157987081,55.85404905242094,20.75144458306559,85.81611139743377,56.343234798036065,8.81351712422468,74.1472050863151,12.758981836028724,6.128987487011301
2025-08-06 18:36:16,0.0,0.004750000000000001,0.002015573637826102,400.0,33.15202421441808,87.98678069833318,41.993460441857366,3127863.5935590956,18,2,0,57.11192044242934,13.603335515728983,76.27606157987081,61.370018452479755,21.27495745935708,87.98678069833318,53.97640093173163,9.20243998269668,74.1472050863151,-38.34300466229101,43.962531685006866
2025-08-06 18:37:16,0.0,0.004750000000000001,0.0021055936813354492,400.0,47.13616007010528,72.2197079802502,64.64710944494051,7760616.630347214,18,2,0,54.71977846155968,12.966913364001988,76.27606157987081,64.15800435737314,20.611687000199364,87.98678069833318,55.37748229467962,9.691012691299417,74.1472050863151,13.9841358556872,-15.767072718082972
