{
  "color": {
    "brand": {
      "primary": {
        "50": "oklch(0.98 0.005 240)",
        "100": "oklch(0.96 0.01 240)",
        "500": "oklch(0.25 0.08 240)",
        "600": "oklch(0.2 0.08 240)",
        "900": "oklch(0.08 0.02 240)"
      },
      "secondary": {
        "500": "oklch(0.65 0.12 180)",
        "600": "oklch(0.6 0.12 180)",
        "700": "oklch(0.7 0.15 180)"
      },
      "accent": {
        "500": "oklch(0.7 0.15 220)",
        "600": "oklch(0.75 0.18 220)"
      }
    },
    "semantic": {
      "success": {
        "400": "oklch(0.7 0.15 120)",
        "500": "oklch(0.65 0.15 120)"
      },
      "warning": {
        "400": "oklch(0.75 0.18 60)",
        "500": "oklch(0.7 0.2 15)"
      },
      "error": {
        "400": "oklch(0.65 0.22 15)",
        "500": "oklch(0.6 0.2 15)"
      },
      "info": {
        "400": "oklch(0.7 0.15 220)",
        "500": "oklch(0.65 0.15 220)"
      }
    },
    "neutral": {
      "0": "oklch(1 0 0)",
      "50": "oklch(0.98 0.005 240)",
      "100": "oklch(0.96 0.01 240)",
      "200": "oklch(0.9 0.01 240)",
      "300": "oklch(0.8 0.02 240)",
      "400": "oklch(0.65 0.02 240)",
      "500": "oklch(0.5 0.02 240)",
      "600": "oklch(0.4 0.02 240)",
      "700": "oklch(0.3 0.02 240)",
      "800": "oklch(0.2 0.02 240)",
      "900": "oklch(0.15 0.02 240)",
      "950": "oklch(0.08 0.02 240)"
    },
    "alpha": {
      "black": {
        "5": "rgba(0, 0, 0, 0.05)",
        "10": "rgba(0, 0, 0, 0.1)",
        "15": "rgba(0, 0, 0, 0.15)",
        "20": "rgba(0, 0, 0, 0.2)",
        "25": "rgba(0, 0, 0, 0.25)",
        "30": "rgba(0, 0, 0, 0.3)"
      },
      "teal": {
        "15": "rgba(6, 182, 212, 0.15)",
        "20": "rgba(6, 182, 212, 0.2)",
        "30": "rgba(6, 182, 212, 0.3)"
      },
      "emerald": {
        "15": "rgba(16, 185, 129, 0.15)",
        "20": "rgba(16, 185, 129, 0.2)",
        "25": "rgba(16, 185, 129, 0.25)"
      },
      "amber": {
        "15": "rgba(245, 158, 11, 0.15)",
        "20": "rgba(245, 158, 11, 0.2)",
        "25": "rgba(245, 158, 11, 0.25)"
      },
      "red": {
        "15": "rgba(239, 68, 68, 0.15)",
        "20": "rgba(239, 68, 68, 0.2)",
        "25": "rgba(239, 68, 68, 0.25)",
        "30": "rgba(239, 68, 68, 0.3)",
        "40": "rgba(239, 68, 68, 0.4)"
      },
      "blue": {
        "15": "rgba(59, 130, 246, 0.15)",
        "20": "rgba(59, 130, 246, 0.2)"
      }
    }
  },
  "spacing": {
    "xs": "0.25rem",
    "sm": "0.5rem",
    "md": "1rem",
    "lg": "1.5rem",
    "xl": "2rem",
    "2xl": "3rem"
  },
  "radius": {
    "sm": "0.375rem",
    "md": "0.5rem",
    "lg": "0.75rem",
    "xl": "1rem"
  },
  "shadow": {
    "glass": "0 8px 32px var(--alpha-black-10)",
    "sidebar": "4px 0 24px var(--alpha-black-5)",
    "command": "inset 0 1px 0 var(--alpha-teal-10), 0 4px 20px var(--alpha-black-30)",
    "glow-teal": "0 0 15px var(--alpha-teal-30)",
    "glow-emerald": "0 0 20px var(--alpha-emerald-15)",
    "glow-amber": "0 0 20px var(--alpha-amber-15)",
    "glow-red": "0 0 25px var(--alpha-red-25)"
  }
}
